date	type
2019-02-16	slide
2019-02-20	tutorial
2019-02-22	tutorial
2019-02-22	workflow
2019-02-22	workflow
2019-03-25	tutorial
2019-03-25	workflow
2019-09-11	tutorial
2019-10-23	tutorial
2019-10-23	workflow
2019-12-19	tutorial
2020-02-28	slide
2020-03-17	slide
2020-09-12	video
2021-01-29	slide
2021-02-15	video
2021-02-15	video
2021-02-15	video
2021-02-15	video
2021-02-15	video
2021-03-03	tutorial
2021-03-03	workflow
2021-03-03	workflow
2021-03-08	video
2021-03-18	video
2021-03-18	video
2021-03-18	video
2021-03-24	tutorial
2021-03-24	workflow
2021-03-30	news
2021-04-07	tutorial
2021-04-08	tutorial
2021-04-08	workflow
2021-08-31	tutorial
2021-10-07	tutorial
2021-10-19	slide
2021-10-19	slide
2021-11-11	faq
2021-11-11	faq
2021-11-11	faq
2021-11-11	faq
2021-11-11	faq
2021-11-17	faq
2022-02-11	tutorial
2022-02-11	workflow
2022-02-28	faq
2022-02-28	faq
2022-02-28	faq
2022-02-28	faq
2022-03-02	faq
2022-03-02	faq
2022-03-02	faq
2022-09-08	tutorial
2022-09-08	tutorial
2022-09-08	faq
2022-09-30	tutorial
2022-09-30	slide
2022-09-30	workflow
2022-09-30	workflow
2022-11-18	news
2022-11-18	faq
2022-11-29	news
2023-01-20	tutorial
2023-01-20	tutorial
2023-01-20	tutorial
2023-01-20	workflow
2023-01-20	workflow
2023-01-20	workflow
2023-01-20	workflow
2023-01-25	tutorial
2023-01-25	workflow
2023-04-11	video
2023-04-12	tutorial
2023-04-24	tutorial
2023-04-24	workflow
2023-04-24	workflow
2023-05-09	video
2023-05-16	workflow
2023-05-19	workflow
2023-05-19	video
2023-06-13	workflow
2023-07-19	tutorial
2023-07-19	workflow
2023-08-25	tutorial
2023-09-04	slide
2023-10-02	tutorial
2023-10-08	faq
2023-10-08	faq
2023-10-17	faq
2023-11-14	tutorial
2023-12-05	workflow
2023-12-08	tutorial
2023-12-08	tutorial
2023-12-08	workflow
2023-12-13	tutorial
2023-12-13	workflow
2023-12-14	workflow
2023-12-22	news
2024-02-13	tutorial
2024-02-13	workflow
2024-02-13	workflow
2024-02-13	workflow
2024-04-09	tutorial
2024-06-13	news
2024-07-11	tutorial
2024-07-11	workflow
2024-07-12	news
2024-07-26	slide
2024-08-06	video
2024-09-12	faq
2024-09-12	video
2024-09-12	video
2024-09-17	tutorial
2024-09-17	slide
2024-09-17	workflow
2024-09-18	faq
2024-09-26	video
2024-10-10	event
2024-10-11	event
2024-10-11	event
